364.0,764.5,697.25,298.0,936.4,483.0,417.8,695.0,782.0,231.6,458.3333333333333,700.3333333333334,383.3333333333333,563.0,521.25,508.3333333333333,580.8,287.0,502.5,1010.0
755.0,569.0,559.5,2071.0,515.1111111111111,862.0,459.5,342.6666666666667,300.0,525.0,426.25,269.5,670.0,506.8,745.0,435.0,150.0,268.5,246.83333333333334,325.0
1857.8,113.0,279.6666666666667,2020.0,655.5,230.33333333333334,1221.0,515.4,362.0,279.0,245.33333333333334,354.3333333333333,1677.4285714285713,299.2,1588.0,1454.8,1709.8,660.6666666666666,535.0,537.3333333333334,1720.3333333333333
752.5714285714286,340.25,465.3333333333333,1681.7142857142858,200.0,625.0,707.0,1621.0,2272.0,356.0,1596.2,1365.0,371.75,359.25,493.2,497.6666666666667,434.5,244.66666666666666,730.5,112.4,1895.8
604.25,200.83333333333334,510.7142857142857,1749.5,1965.2,599.25,437.5,470.3333333333333,1215.2,277.5,717.5,112.0,513.3333333333334,210.4,290.25,621.3333333333334,2149.714285714286,385.6666666666667,594.6666666666666,590.6,249.66666666666666
557.4285714285714,220.14285714285714,677.6666666666666,276.5,495.0,2200.5,160.33333333333334,2785.0,332.6666666666667,309.3333333333333,430.5,1966.0,1728.0,505.0,433.0,596.0,1137.0,698.3333333333334,541.4,2392.6,2168.0
249.5,2336.8333333333335,105.6,2465.0,576.6666666666666,460.5,516.4,568.4,512.25,671.25,498.6666666666667,564.75,75.0,300.0,249.33333333333334,231.6,1659.6,636.5,232.6,379.5,623.75
1616.142857142857,400.0,491.0,1950.3333333333333,1933.0,366.4,459.6,455.3333333333333,386.0,1034.0,1364.6666666666667,374.0,481.2857142857143,446.0,75.0,1520.25,202.0,406.3333333333333,1869.0,2326.75,653.0
665.375,1921.0,2164.3333333333335,300.5,311.5,2652.6666666666665,213.75,1570.0,445.875,452.0,478.25,495.0,335.0,2338.0,1370.2,530.8571428571429,1974.5,290.0,200.0,440.3333333333333,435.0
251.4,1945.5,624.3333333333334,1692.0,200.0,127.0,2168.6666666666665,351.5,290.0,2360.0,214.0,493.2857142857143,1699.6666666666667,1509.5,772.0,322.5,604.0,231.2,767.0,610.6666666666666,547.75
461.0,475.25,424.3333333333333,564.6666666666666,1117.3333333333333,1485.6666666666667,450.0,343.3333333333333,2203.5,1912.0,407.0,339.3333333333333,627.2,336.6666666666667,2135.25,274.6666666666667,1910.2,1494.0,411.6,183.25,1851.3333333333333
575.6666666666666,671.0,1850.4,400.25,211.85714285714286,532.75,718.0,441.2,1802.0,1436.25,375.8,551.0,266.6666666666667,1900.1666666666667,347.3333333333333,622.2,1624.3333333333333,1757.3333333333333,763.0,1864.3333333333333,503.0
520.0,728.0,1891.2,409.8333333333333,511.0,480.75,633.0,501.0,1275.0,550.25,597.3333333333334,2048.3333333333335,1969.0,1580.8333333333333,262.6666666666667,2254.0,181.25,298.8,437.2,332.6666666666667,699.0
1945.25,187.5,352.6666666666667,553.5,631.8333333333334,584.1666666666666,2479.8333333333335,389.0,514.0,1662.0,490.0,328.0,492.75,597.5,1771.5,2316.6666666666665,450.6,539.6666666666666,369.6666666666667,387.2,256.4
423.75,1989.4,2034.4,296.6666666666667,505.0,359.5,630.25,331.0,2294.0,1810.0,577.0,366.5,294.4,461.7142857142857,496.0,453.25,518.6666666666666,1353.1666666666667,273.3333333333333,175.0,623.4
521.25,275.0,2428.0,448.25,225.0,427.5,347.3333333333333,531.0,528.2,2535.0,317.6666666666667,770.0,190.0,1468.2,612.4,451.5,586.5,881.0,2234.25,523.8571428571429,234.0
2907.5,2403.0,288.6666666666667,526.0,522.8,637.6666666666666,200.0,541.3333333333334,622.75,308.2,235.0,480.75,769.5,492.8,191.66666666666666,232.75,509.1666666666667,524.75,605.5,761.0,251.6
245.5,490.0,520.75,428.5,674.4,555.0,2265.5,585.0,556.5,432.0,425.0,614.4,581.3333333333334,372.3333333333333,234.33333333333334,391.0,91.85714285714286,544.75,177.5,548.0,475.6
2237.2,62.5,792.0,472.8,454.0,353.75,369.0,594.5,1901.75,137.5,552.0,463.6666666666667,1509.0,432.6,448.6666666666667,440.25,555.8333333333334,513.0,366.3333333333333,82.0,157.33333333333334
487.6666666666667,3169.0,667.8571428571429,576.3333333333334,495.125,1162.3333333333333,509.75,474.4,1520.0,601.8,454.2857142857143,255.75,486.6666666666667,2099.75,660.0,317.8333333333333,504.6,83.33333333333333,51.0,2103.25,2292.75
622.0,1843.0,2336.8,373.4,1555.8333333333333,420.8,282.5,499.0,633.0,260.0,1792.5714285714287,379.25,1784.1666666666667,332.0,2128.4,609.0,396.6666666666667,304.0,200.0,370.0,436.3333333333333
431.75,509.875,434.8,133.33333333333334,462.25,1816.5,335.4,584.3333333333334,170.0,2217.0,619.6666666666666,522.3333333333334,2479.6666666666665,218.33333333333334,2081.0,103.0,2223.3333333333335,218.66666666666666,407.0,275.0,672.0
163.4,214.0,422.3333333333333,1556.3333333333333,2560.0,1396.0,1566.1666666666667,1761.5,2053.4,486.5,1540.25,310.5,236.75,390.0,413.5,1809.0,2087.0,382.2,1800.5,1594.7142857142858,334.5
1587.2,1825.75,272.75,502.5,1886.2,2257.6666666666665,667.3333333333334,1397.6666666666667,422.1666666666667,471.3333333333333,323.75,379.5,126.0,210.28571428571428,1735.0,2056.0,411.7142857142857,1598.8333333333333,259.6,538.0,47.0
503.5,326.3333333333333,1740.25,580.0,1709.0,161.0,489.0,581.25,1008.0,511.8,455.4,281.25,403.5,2159.6,2211.5,233.0,298.3333333333333,207.57142857142858,593.0,539.0,1823.3333333333333
614.4,1047.25,341.5,534.5,2028.5,276.2,218.0,202.0,499.75,1675.8,447.25,100.0,1905.6666666666667,2078.8,789.6666666666666,1118.0,396.2,1712.1666666666667,515.0,338.6666666666667,478.6666666666667
2016.8333333333333,444.3333333333333,569.5,494.42857142857144,457.0,188.0,174.0,1992.2,211.66666666666666,2070.0,431.75,401.0,220.5,474.75,184.0,435.5,2211.25,246.75,1935.0,506.0,1556.5
293.25,1973.0,231.6,489.3333333333333,368.3333333333333,2337.0,1946.6666666666667,1781.0,2212.75,1697.0,489.5,332.2,1115.3333333333333,251.66666666666666,1498.3333333333333,2053.0,399.8333333333333,110.0,435.5,1616.6,1895.75
2688.75,519.25,1840.25,161.0,560.2,318.6,615.6666666666666,652.25,53.333333333333336,1977.6666666666667,175.33333333333334,175.0,2118.8,351.5,504.75,544.8333333333334,175.0,200.0,2583.8,347.0,459.0
2209.75,1460.0,476.14285714285717,788.75,1129.3333333333333,416.5,419.6666666666667,2130.75,1329.75,571.2,545.0,360.25,200.0,258.4,587.0,583.5,594.5,126.0,2123.6,655.0,161.0
442.5,157.8,690.6666666666666,497.25,515.3333333333334,450.6666666666667,236.5,554.75,2525.8,183.33333333333334,1851.3333333333333,301.3333333333333,632.6666666666666,636.0,2381.25,160.0,451.5,467.25,1508.5,133.4,2409.75
440.3333333333333,435.6666666666667,488.0,295.5,1656.0,327.5,506.1666666666667,494.0,321.0,488.8333333333333,369.0,2236.5,571.6666666666666,125.0,2414.0,616.4,2241.1666666666665,2313.25,237.0,581.0,348.6
455.0,1775.25,385.1666666666667,1406.0,2265.0,125.0,1405.857142857143,497.5,1717.25,1622.75,515.75,1592.0,621.6666666666666,379.0,125.0,346.2857142857143,424.0,1683.0,1802.3333333333333,1588.1666666666667,599.25
2181.0,539.8,526.8333333333334,100.0,511.0,1331.0,321.2,425.0,512.3333333333334,332.0,402.5,2179.75,453.6,603.2,150.0,2629.0,200.0,678.6666666666666,576.0,565.4,169.0
537.0,1638.0,1773.3333333333333,440.5,482.5,125.0,416.0,845.3333333333334,493.5,683.0,2014.75,1058.0,162.85714285714286,1598.2,247.5,50.0,427.5,1935.6,498.0,464.5,493.6
128.42857142857142,533.5,309.2,351.0,574.0,497.5,420.0,654.0,1883.4,491.5,1967.4,240.0,2181.5,704.2,1845.0,2168.5,425.75,2442.6666666666665,1493.3333333333333,2408.0,382.5
1790.25,1537.5714285714287,495.4,1879.6666666666667,1190.25,1121.4,295.0,110.0,384.0,906.75,1312.0,385.6,1621.25,460.4,2518.0,385.0,383.0,236.8,1604.2,2072.0,421.0
296.2857142857143,1418.0,170.0,473.0,561.3333333333334,725.0,1697.0,816.6666666666666,401.6666666666667,2881.6666666666665,450.5,379.6,621.2,302.3333333333333,377.85714285714283,2363.5,459.2,2026.0,2493.0,1828.8,960.4
271.6666666666667,739.5,430.5,2324.0,535.75,200.0,432.4,1764.6666666666667,2076.0,164.75,1869.0,491.0,403.0,2574.0,1726.5,454.1666666666667,698.2857142857143,332.25,235.0,2114.1666666666665,332.6666666666667
773.25,340.5,378.0,1739.857142857143,588.6,1771.5,2413.75,476.5,541.0,397.3333333333333,449.25,718.0,1978.5,2121.0,346.8,1679.0,536.0,439.3333333333333,1321.6666666666667,1762.8,1584.6666666666667
567.8333333333334,510.3333333333333,1313.3333333333333,404.0,583.5,370.8,343.25,245.0,1879.3333333333333,830.3333333333334,430.5,1583.4,1919.5,538.25,2256.25,424.14285714285717,1030.5,176.25,730.0,1725.6,201.66666666666666
350.0,307.6,2562.0,1901.5,470.0,281.8,451.0,583.8333333333334,441.75,525.8333333333334,2072.0,465.6666666666667,534.8,254.75,2363.25,91.5,275.0,2491.5,271.25,552.8,572.3333333333334
175.71428571428572,493.4,51.0,1652.5,2413.25,1917.5,1853.8,1573.3333333333333,261.1818181818182,479.4,210.0,546.0,2350.0,1397.2,836.5,492.0,200.0,374.6,597.0,208.0,1388.5
396.6666666666667,2351.0,283.3333333333333,1615.0,358.4,358.0,380.0,1570.25,1252.3333333333333,1346.0,1638.857142857143,1352.0,1146.0,336.6,292.6,2116.3333333333335,1928.3333333333333,1850.0,212.5,482.6666666666667,166.66666666666666
298.5,390.0,509.5,314.5,1440.0,1516.6,166.66666666666666,431.0,411.85714285714283,2382.0,1628.2,287.5,2305.75,1768.75,495.25,373.25,340.3333333333333,1153.3333333333333,251.4,439.6,1763.375
394.6,188.0,322.0,336.25,782.0,408.25,2006.3333333333333,351.25,386.0,259.8,450.5,2004.0,1828.6666666666667,730.3333333333334,1965.75,428.5,1307.6666666666667,1919.25,319.6666666666667,345.0,1696.375
486.2,414.8333333333333,1686.25,2415.0,1736.6666666666667,674.2,544.3333333333334,531.0,288.75,403.4,500.3333333333333,1832.0,2087.0,570.6666666666666,646.0,2581.8,125.0,2160.5,424.0,361.5,647.6666666666666
1646.75,458.2,1353.0,551.5,318.6666666666667,273.6,2063.25,518.5,1878.2,1492.0,1569.5,435.85714285714283,531.8,1483.0,1689.2,1438.8,396.0,463.6,484.0,456.0,2106.5
347.0,2558.0,436.5,486.0,1987.6666666666667,236.0,1864.6,498.75,2160.6666666666665,2669.5,432.8,737.0,287.2857142857143,291.2,289.1666666666667,2242.75,601.5,588.0,539.6,25.0,505.4
333.5,1702.6666666666667,549.2,1786.8333333333333,1161.0,314.0,566.25,1468.0,594.1428571428571,448.0,1971.6,325.6,405.0,210.75,318.25,1958.0,1889.5,2061.0,402.6666666666667,1686.6666666666667,316.5
583.0,1476.3333333333333,311.0,1725.3333333333333,2250.4285714285716,503.0,2422.25,435.85714285714283,2032.8,225.0,575.5,662.5,206.0,279.5,422.25,2099.3333333333335,511.8,1604.5,648.8333333333334,526.0,625.0
2076.0,502.4,537.3333333333334,2254.3333333333335,462.5,476.3333333333333,264.0,1632.3333333333333,197.6,598.0,1981.0,484.0,339.5,582.8571428571429,1639.1666666666667,450.8,654.4,474.5,1672.8,828.0,195.33333333333334
1596.3333333333333,1969.0,218.0,1715.5,372.0,518.3333333333334,246.375,2548.8,345.8,425.4,2336.1666666666665,225.0,403.6666666666667,596.6666666666666,546.3333333333334,150.0,1756.5,2268.5,566.6,488.5,256.0
237.5,323.0,1179.0,1336.0,1020.25,318.2857142857143,503.0,1669.0,477.0,419.1666666666667,705.3333333333334,469.8,1647.5,654.0,2072.0,1673.8333333333333,1188.0,289.7142857142857,650.0,298.75,2210.1428571428573
2737.5,377.6666666666667,398.6,544.5,467.5,652.8,220.5,579.75,1082.75,917.3333333333334,1151.3333333333333,216.0,1770.0,482.5,866.3333333333334,1072.5555555555557,254.33333333333334,2513.0,610.3333333333334,339.14285714285717,436.2
1740.5,387.75,651.25,323.6666666666667,500.3333333333333,2210.5,740.3333333333334,618.0,1006.0,438.5,2198.25,319.0,792.0,2228.0,397.5,397.6,472.6666666666667,1054.3333333333333,1058.4,1766.25,208.33333333333334
1902.0,533.6,250.0,727.8,449.57142857142856,495.7142857142857,184.0,352.5,309.3333333333333,1619.8,520.8,445.5,1596.8,596.25,502.5,323.0,2268.5,639.1666666666666,300.0,685.25,596.3333333333334
668.6666666666666,545.0,231.4,2035.5,547.0,703.4,384.3333333333333,150.0,423.6,299.0,924.6666666666666,661.6666666666666,1500.6666666666667,2610.5,546.0,2159.5,1341.0,379.5,243.6,608.1428571428571,2076.0
1785.75,462.6666666666667,1376.75,371.5,1815.5,361.0,150.0,321.6666666666667,531.1428571428571,511.6666666666667,457.0,652.8333333333334,366.57142857142856,602.5,1892.0,616.4,1858.5,176.0,184.0,2220.75,191.5
1443.25,254.33333333333334,1780.0,653.8333333333334,1885.5,1512.5,503.6666666666667,417.0,1997.0,1579.0,390.0,576.0,317.75,410.6666666666667,727.3333333333334,1724.2,1261.3333333333333,263.2,459.0,1595.5,505.2857142857143
186.66666666666666,455.6666666666667,1672.75,1367.3333333333333,1980.3333333333333,420.8,439.5,1324.25,2229.0,1295.75,450.75,1018.8,1593.0,16.0,167.66666666666666,1440.5,1449.25,1919.0,1767.0,166.0,353.6
440.0,1804.0,347.0,2135.0,320.25,2142.8,546.3333333333334,245.66666666666666,1239.6666666666667,591.3333333333334,1588.0,453.6666666666667,370.57142857142856,938.0,1733.0,228.0,255.5,377.4,1780.0,183.0,1980.3333333333333
358.75,240.0,874.0,676.1666666666666,2214.8,2903.0,1295.0,599.2,175.0,436.6666666666667,1927.4,427.3333333333333,655.0,450.0,624.5,1998.3333333333333,365.0,306.75,510.0,641.2,1719.6666666666667
464.0,454.8333333333333,490.0,555.75,319.6,2391.2,2684.6,405.5,381.8,430.0,1202.0,258.0,526.75,112.5,2281.0,621.4,297.75,645.0,579.0,1803.0,496.0
1951.0,1845.4,534.0,359.0,300.3333333333333,1786.4,562.0,437.75,501.6,314.8,610.6666666666666,366.0,259.25,2315.4,409.0,660.5,166.4,529.6,547.0,591.3333333333334,392.6666666666667
764.0,352.0,625.6,1406.4,631.25,606.0,238.6,435.75,459.0,1596.0,494.8,125.0,663.5,233.33333333333334,187.75,2095.1666666666665,545.75,328.5,572.0,2783.6666666666665,279.6
166.0,1525.6666666666667,2257.6666666666665,804.0,1296.6,368.0,549.5,2168.8333333333335,411.6,378.5,2272.0,589.0,1344.0,1938.0,414.6666666666667,624.25,2012.0,894.25,140.0,2137.0,404.0
2046.2,423.6666666666667,363.2,1356.0,396.6,2013.0,449.5,1176.3333333333333,379.6666666666667,633.0,2006.0,491.2,180.0,1851.2,419.5,719.0,481.42857142857144,566.3333333333334,433.5,623.6666666666666,1775.2
171.33333333333334,2050.0,396.6666666666667,1742.6,2183.0,452.5,1445.25,512.6,552.6,319.0,1597.75,445.0,555.0,550.0,1685.5,406.0,168.33333333333334,2163.6666666666665,1655.2857142857142,1296.5,363.8
500.0,283.25,1617.0,1693.75,2083.5,743.5,2224.3333333333335,320.0,2098.75,1557.5,351.8,411.0,461.6,1793.75,189.4,426.75,1428.0,1611.0,268.8333333333333,1640.0,384.6
306.25,351.4,746.8,444.6666666666667,250.5,440.25,618.25,356.0,566.0,563.5,2200.0,619.4,687.3333333333334,633.3333333333334,324.2,601.0,190.8,2614.3333333333335,280.5,226.0,2338.0
499.0,476.75,665.0,298.0,330.8,728.0,681.0,567.5714285714286,696.8333333333334,634.25,574.5,346.0,397.3333333333333,618.5,300.5,261.6,2267.5,1649.0,187.0,239.85714285714286,2422.0
324.5,663.5,341.5,438.6,2318.5,1903.2,466.0,244.8,258.6666666666667,523.25,572.25,2015.2,1320.25,1344.0,533.3333333333334,2058.0,766.6666666666666,700.5,570.5,364.0,1672.5
1915.7142857142858,394.2,872.0,2114.8,1882.5,2129.5714285714284,324.0,1100.6666666666667,2128.3333333333335,1936.0,481.0,503.0,419.0,397.0,614.0,200.2,260.2,429.0,1555.3333333333333,276.8,1849.0
389.2,100.0,348.0,354.0,1626.0,309.4,1421.6,1362.0,2145.5,191.5,1719.25,1733.25,1423.75,2451.0,471.5,1827.6,292.0,1896.4,374.42857142857144,1837.5,397.3333333333333
2147.4285714285716,217.42857142857142,365.8,2490.6666666666665,531.8,97.0,215.0,582.0,546.2,503.7142857142857,436.0,2887.5,297.8,386.6,1582.5,1842.6,607.0,335.0,583.75,1985.0,612.25
284.0,143.0,1143.25,237.0,579.6,875.6666666666666,324.25,1530.5,2478.0,529.1666666666666,1735.142857142857,341.3333333333333,1783.6666666666667,2009.5,523.5,373.8333333333333,954.0,1428.6666666666667,952.6666666666666,1239.5,1658.2
1928.1666666666667,555.4,1740.5,297.5,2193.3333333333335,1765.0,1343.4285714285713,1800.0,287.5,696.6666666666666,908.3333333333334,514.0,224.28571428571428,137.5,1897.25,298.0,991.1666666666666,194.4,587.25,1869.5,469.75
617.2,164.0,1847.8,1536.8333333333333,323.6666666666667,1036.6666666666667,985.0,1724.0,496.5,157.2,457.8333333333333,296.6666666666667,499.0,276.0,533.0,1855.3333333333333,594.5,2039.5,435.0,2180.0,2112.25
2987.0,2108.5,377.0,2176.25,1148.2,259.0,142.25,2439.3333333333335,280.0,2711.5,2058.0,405.6666666666667,374.625,298.6666666666667,407.2,295.3333333333333,57.0,472.6666666666667,508.6666666666667,583.6666666666666,344.5
451.0,477.3333333333333,1593.4,200.0,162.5,223.83333333333334,646.75,403.0,2395.5,289.0,507.75,250.14285714285714,516.25,2532.5,1391.0,312.5,2428.75,2299.0,1783.2857142857142,328.0,314.2
523.5,620.6666666666666,216.66666666666666,2121.2,359.75,1791.0,2187.5,494.0,332.55555555555554,1024.0,498.0,1588.3333333333333,390.0,1162.0,433.6,1126.5,1940.25,163.0,380.5,305.0,2312.5
1279.75,846.0,2277.3333333333335,444.0,468.3333333333333,1859.2,403.0,1610.3333333333333,1184.5,299.75,672.0,1058.2,1146.0,1468.5,369.0,279.5,401.6,120.0,473.0,1522.5,2461.6666666666665
500.3333333333333,411.6666666666667,316.6,668.0,262.0,284.25,530.3333333333334,512.75,552.3333333333334,671.0,720.6666666666666,291.2,1652.4285714285713,512.2,581.6666666666666,1446.2857142857142,1788.6666666666667,646.5,316.0,403.25,2477.0
993.0,2824.0,1091.0,538.5,592.2,1711.3333333333333,297.42857142857144,405.6666666666667,210.0,293.0,322.6666666666667,485.375,397.5,735.5,491.8,1508.5,430.8,479.1666666666667,631.6666666666666,642.7142857142857,688.5
182.66666666666666,485.25,488.5,1852.75,552.0,2147.8,1382.5,288.0,1581.3333333333333,190.5,303.0,765.5,270.0,217.5,194.375,226.2,474.0,607.1666666666666,2580.0,427.6,579.25
2446.3333333333335,288.6666666666667,424.25,1228.25,1077.0,514.0,291.0,599.5,469.3333333333333,2065.0,630.0,1646.3333333333333,438.5,1899.0,294.0,212.5,2420.0,292.75,1945.5,238.88888888888889,698.5
187.5,298.5,560.3333333333334,407.0,509.75,2517.3333333333335,321.5,150.0,386.0,432.0,406.75,2047.1666666666667,300.0,1761.6,395.6666666666667,516.6666666666666,272.0,1562.25,2403.0,266.8,489.0
1349.0,188.66666666666666,1823.5,451.0,462.2,467.8,518.3333333333334,1062.25,265.0,307.5,557.0,333.0,382.6666666666667,2089.75,898.6666666666666,266.3333333333333,2014.8333333333333,2489.25,429.6,290.0,1676.0
217.25,189.0,1151.6666666666667,477.0,2010.25,2231.3333333333335,152.0,1550.75,329.5,1874.375,200.0,2024.5,542.6666666666666,431.8333333333333,2161.2,374.5,100.0,1693.2,502.3333333333333,225.0,1922.0
2411.0,237.0,1722.25,229.6,475.25,1619.6,2052.0,258.0,178.25,150.0,481.25,2132.75,1926.3333333333333,2157.2,520.5,464.25,433.5,336.75,1830.5,812.6666666666666,1807.3333333333333
350.0,789.4,290.25,438.6666666666667,1768.6666666666667,386.0,176.0,1703.888888888889,345.0,2053.0,220.66666666666666,488.8,367.3333333333333,475.6,1864.3333333333333,1624.0,235.5,428.0,1747.4,2012.5,219.5
299.75,2390.3333333333335,886.75,2040.1666666666667,446.4,273.0,150.0,253.66666666666666,220.0,2094.3333333333335,364.0,1810.25,386.14285714285717,1516.0,519.0,2008.4,577.8333333333334,200.0,617.6666666666666,406.5,443.5
2209.8,1207.6666666666667,2071.6666666666665,333.2,399.8,1810.4,2165.0,190.66666666666666,572.25,427.0,300.7142857142857,1674.3333333333333,365.3333333333333,2336.2,227.0,164.0,210.0,460.0,1763.0,2243.75,398.5
1319.5,219.33333333333334,213.33333333333334,1459.5,392.75,426.42857142857144,1564.0,447.6666666666667,1711.4285714285713,2282.5,1465.8,2656.6666666666665,1389.75,2308.6666666666665,435.0,167.4,2084.6666666666665,263.25,805.0,2069.3333333333335,935.0
2333.5714285714284,1510.75,225.0,574.5,560.6666666666666,441.25,542.75,2483.75,334.5,197.0,953.6666666666666,2081.6666666666665,270.3333333333333,364.6,453.5,419.0,1937.75,2234.0,320.3333333333333,1854.0,329.0
162.5,490.0,202.0,586.3333333333334,263.3333333333333,1689.0,641.5,1724.3333333333333,573.625,1721.8333333333333,339.5,1357.625,469.3333333333333,2066.0,602.5,512.6,489.0,283.4,1111.8333333333333,585.5,1714.5
679.8,1445.0,390.4,1154.3333333333333,596.2,2025.6,749.6666666666666,1248.0,1483.6666666666667,288.0,500.6,523.0,2117.25,590.0,55.0,2274.25,247.0,1316.4,1162.0,393.75,321.0
315.0,206.57142857142858,506.6666666666667,443.5,534.6,534.0,675.25,2389.5,383.75,384.3333333333333,2287.5,331.3333333333333,673.0,750.0,336.0,125.0,354.0,2013.75,413.3333333333333,660.6666666666666,2168.0
234.25,290.0,2082.5,454.2,257.0,2280.5,733.0,431.2,469.25,1064.8,2010.857142857143,555.5,2327.5,178.0,463.57142857142856,2442.5,383.0,1846.2,338.6666666666667,193.0,1261.25
1726.5,218.0,538.25,2431.8333333333335,317.3333333333333,2527.4,481.5,473.0,400.0,245.0,1165.25,329.5,1660.8333333333333,476.75,495.75,276.0,345.8,2115.0,376.6666666666667,1831.142857142857,396.0
1652.8333333333333,2034.5,1564.5,250.0,429.0,490.5,178.66666666666666,548.25,191.42857142857142,2048.2,1337.4,2332.6666666666665,129.6,1443.5,564.3333333333334,1730.0,475.3333333333333,172.33333333333334,125.0,391.5,2574.0
329.0,207.14285714285714,2871.25,484.6666666666667,1295.8333333333333,558.6666666666666,2452.75,2094.6666666666665,478.8,626.6666666666666,475.1111111111111,600.0,150.0,1020.5,513.3333333333334,1506.5,233.0,318.0,2157.5,183.33333333333334,383.0
434.3333333333333,488.0,363.2,1317.1666666666667,1905.375,2258.2,499.5,700.0,1184.0,261.2,510.4,1686.6666666666667,243.0,339.3333333333333,2212.8,267.6666666666667,247.0,1246.75,313.25,567.25,442.0
160.0,397.5,405.0,2637.0,1275.2857142857142,901.6,2328.0,280.0,543.4,1674.0,972.8,335.25,529.4,717.6,941.1666666666666,216.0,460.6666666666667,1874.3333333333333,2142.2,386.0,2924.0
437.1666666666667,270.3333333333333,2650.3333333333335,350.0,343.5,846.0,2021.857142857143,624.8333333333334,1207.25,291.6,1866.0,420.2,1610.25,2187.0,1185.5,365.0,248.0,293.0,320.0,265.1666666666667,2288.6666666666665
2300.6666666666665,2145.0,467.3333333333333,481.6666666666667,265.0,219.0,237.33333333333334,299.75,333.3333333333333,2176.75,1725.5,616.0,643.25,1284.5,555.0,2177.5,488.0,506.3333333333333,184.28571428571428,2360.5,2378.25
553.3333333333334,729.0,928.6666666666666,378.0,453.6666666666667,519.5,2608.0,444.0,300.8333333333333,158.33333333333334,1574.0,2238.75,723.4,1552.5,472.3333333333333,560.0,731.0,2053.0,1339.75,1319.25,212.5
472.25,436.0,428.0,1852.5,910.2,1546.5,1290.0,296.0,1546.75,446.2857142857143,2369.4,434.2,526.0,636.5,553.0,1748.5,1263.0,282.6666666666667,182.0,370.6666666666667,2274.0
503.3333333333333,954.5,248.0,685.5,322.6666666666667,1758.6,427.0,1731.6,175.0,373.25,472.5,634.0,166.66666666666666,2211.5,1807.4,1543.2,2386.6666666666665,1080.0,1376.8333333333333,2652.0,458.3333333333333
608.0,510.0,1768.4,1996.75,308.3333333333333,196.5,594.0,2483.6,192.0,2066.0,767.25,236.6,428.0,628.0,626.0,524.3333333333334,569.4,654.5,334.0,48.0,528.0
437.0,554.75,537.4,237.5,465.0,618.0,455.25,786.5714285714286,1937.3333333333333,275.0,191.5,621.6666666666666,1519.2857142857142,208.75,286.75,2816.5,343.0,735.0,379.25,1892.5,400.75
1192.3333333333333,1904.8,411.0,192.33333333333334,1355.5,448.0,385.75,262.6666666666667,535.5,916.7142857142857,1626.0,538.8,2050.0,596.0,531.5,490.5,464.6,405.0,359.8333333333333,352.2,1140.857142857143
551.6,2032.2,544.0,185.5,408.0,420.75,1961.75,527.6666666666666,397.5,573.75,478.25,589.5,1761.6666666666667,2614.6,137.625,556.5,665.0,83.33333333333333,353.8,283.14285714285717,667.6666666666666
579.5,1914.4,1789.0,1207.6,276.6,355.2,258.3333333333333,1339.0,651.5,1343.6666666666667,150.0,570.0,338.0,594.3333333333334,2041.0,412.25,1496.8,1831.25,543.0,1989.0,1722.0
435.3333333333333,1395.0,1954.75,1110.6666666666667,346.5,1975.5,525.7142857142857,1216.2,612.8,703.5,2353.6666666666665,1344.0,1609.857142857143,256.3333333333333,286.6,287.5,881.0,283.25,1282.0,491.5,404.4
273.75,305.0,2676.6666666666665,352.75,1707.875,1390.5,347.5,496.0,2101.0,359.85714285714283,449.25,648.0,553.0,1904.5,187.8,1508.5,400.3333333333333,2169.5714285714284,700.6666666666666,1650.0,112.5
777.0,914.8,273.75,1765.6,744.0,1540.0,1662.25,1555.6666666666667,439.0,1563.75,282.0,389.6666666666667,473.0,206.33333333333334,1459.0,1301.2857142857142,337.4,1618.5,347.6666666666667,2018.8333333333333,1375.2
1772.8,225.0,530.0,980.8,298.5,2485.4,2671.0,275.0,1975.8,158.16666666666666,424.1666666666667,1916.5,637.0,493.6,326.3333333333333,363.25,398.0,163.6,530.5,1738.5714285714287,397.1666666666667
1899.75,401.5,214.0,503.6666666666667,1892.0,392.5,1695.8,1855.5,1963.3333333333333,52.666666666666664,612.0,2505.0,371.0,352.5,414.5,521.0,372.2,213.5,1649.0,1954.0,392.2857142857143
539.0,2009.5,1501.6666666666667,723.6666666666666,1546.5,439.0,229.5,1550.3333333333333,2311.3333333333335,547.6666666666666,1866.3333333333333,466.0,342.0,287.5,552.5,204.0,225.0,450.0,1623.142857142857,1493.75,379.75
1715.75,1262.2,256.0,600.4,1368.0,477.8333333333333,133.33333333333334,237.33333333333334,1726.5,1891.0,302.6666666666667,2442.2,1247.0,1388.0,517.8,483.5,276.6666666666667,360.0,1840.8,1282.25,429.0
391.3333333333333,1923.0,1826.8,751.0,2594.1666666666665,845.5,454.0,265.6666666666667,610.3333333333334,547.6666666666666,518.6,254.75,66.66666666666667,160.0,90.0,878.3333333333334,465.75,513.8,140.0,625.6666666666666,453.8
2349.75,321.0,525.5,1123.6666666666667,405.0,398.8,426.0,774.0,586.0,597.5,474.0,492.25,516.0,114.5,622.8,499.25,1514.8,467.0,222.5,2608.6666666666665,150.0
751.0,1261.0,2178.25,507.75,651.3333333333334,238.0,128.25,490.8,116.66666666666667,2347.5,2334.5,598.5,470.3333333333333,2299.0,1926.6666666666667,520.6666666666666,219.33333333333334,268.6666666666667,343.0,190.0,407.0
2976.3333333333335,461.57142857142856,1995.5,550.0,173.5,330.5,2219.6,208.33333333333334,304.0,1650.0,1555.7142857142858,427.75,200.0,666.3333333333334,653.0,1468.3333333333333,166.66666666666666,2853.6666666666665,434.0,2079.0,258.0
2304.25,300.0,439.4,676.2,2541.8,2290.0,470.6,520.2,374.25,2402.25,697.0,654.0,2764.0,581.0,258.0,486.5,1415.0,318.5,524.5,316.0,250.4
2887.6,198.33333333333334,625.3333333333334,443.5,861.1666666666666,1936.0,2003.2,462.75,404.0,322.0,454.0,2453.5,150.0,1255.5714285714287,366.0,427.3333333333333,381.0,478.3333333333333,440.6666666666667,1792.5,582.75
478.0,3104.25,1980.6666666666667,1086.3333333333333,372.0,220.25,424.0,2135.0,596.0,566.0,502.5,463.6666666666667,1789.0,2297.0,239.33333333333334,248.75,432.5,455.5,460.6,142.0,467.2
2017.25,262.5,167.0,1541.5,444.8333333333333,582.5,1881.4,497.5,1122.0,330.2,305.1666666666667,1872.4,1312.5,1403.0,1933.7142857142858,814.8,309.6666666666667,1617.75,735.4,504.0,1653.125
392.3333333333333,402.8333333333333,470.5,560.8333333333334,333.0,546.0,1083.5,1742.6666666666667,2514.3333333333335,211.2,322.8,2118.75,660.0,992.6666666666666,270.3333333333333,1877.6666666666667,2199.1666666666665,363.75,390.0,2009.75,150.0
1879.6666666666667,2668.3333333333335,1118.0,446.0,2298.5,244.33333333333334,436.5,420.2,323.5,456.5,567.75,2407.0,128.85714285714286,100.0,455.6666666666667,605.3333333333334,701.0,533.0,376.0,420.8,498.0
1542.3333333333333,2391.0,652.5,948.25,734.0,278.3333333333333,720.25,1863.2857142857142,815.5,307.6666666666667,532.8,670.3333333333334,446.5,439.4,212.85714285714286,337.0,325.0,150.0,421.2,683.6666666666666,620.0
2589.5,1160.125,301.3333333333333,529.3333333333334,393.6666666666667,2490.0,399.0,220.0,498.3333333333333,1149.1666666666667,161.0,326.0,482.5,607.0,283.3333333333333,1843.5,524.0,2440.0,244.66666666666666,454.5,513.5
550.0,2099.6666666666665,740.3333333333334,290.6666666666667,3227.0,175.0,2801.3333333333335,540.0,100.0,200.0,851.6666666666666,307.75,1124.2,260.0,556.8,876.0,218.0,837.6666666666666,1845.0,434.5,506.0
366.5,1548.75,2315.2,202.0,1678.3333333333333,376.25,1390.25,407.25,288.6666666666667,2487.6666666666665,638.5,228.0,315.75,372.1666666666667,364.5,256.2857142857143,220.0,607.3333333333334,2436.0,2469.1666666666665,106.0
489.25,365.25,557.0,1613.0,471.3333333333333,339.6,2558.0,2740.0,340.5,1687.3333333333333,1780.0,477.25,1946.75,581.4,1843.0,511.14285714285717,503.6666666666667,253.0,2256.0,318.0,1799.5
569.5555555555555,616.6666666666666,1840.0,244.0,243.57142857142858,661.5,330.0,362.6666666666667,778.0,2650.6666666666665,1512.0,1508.3333333333333,430.75,414.0,435.6666666666667,271.5,2455.3333333333335,260.0,279.8,1978.0,406.25
1065.0,301.0,1310.3333333333333,1329.5,2057.0,1345.75,466.0,555.5,335.0,1094.0,984.8333333333334,1660.0,1502.2857142857142,248.0,301.0,1428.6666666666667,100.0,315.875,1565.75,1892.8333333333333,1218.2
1528.0,1759.2857142857142,1475.4,185.33333333333334,275.0,1472.3333333333333,229.75,1187.0,1024.75,765.0,1744.5,1109.25,1633.5,358.8,728.0,1509.75,300.0,1475.875,1339.4,2565.8,291.0
1695.75,1434.5,225.42857142857142,547.25,1299.5,1955.25,2193.3333333333335,1980.5,202.0,1688.6666666666667,191.66666666666666,1723.4,1761.75,358.0,313.25,569.3333333333334,366.75,1856.142857142857,496.75,537.5,223.0
2287.6,454.6666666666667,229.0,389.3333333333333,203.16666666666666,483.0,2291.8,2096.5,327.5,1753.0,484.1666666666667,91.0,2069.0,333.0,384.8,418.5,448.25,2563.25,1672.5,1737.0,1614.3333333333333
2031.2,1606.5,350.5,512.8333333333334,452.2,201.25,390.3333333333333,1799.0,2742.8,1704.0,526.3333333333334,533.5,260.0,1508.0,937.6666666666666,2838.25,1121.0,1720.25,200.0,230.0,204.0
440.1666666666667,1004.6666666666666,1845.6,1778.75,910.0,248.0,496.6666666666667,450.5,452.5,1579.6666666666667,867.5,1652.7142857142858,466.5,1117.6666666666667,417.75,1394.6666666666667,500.6,1711.0,1274.5714285714287,388.3333333333333,200.0
1994.6,378.8,2446.6,2237.6,414.0,774.0,614.0,626.75,416.75,183.33333333333334,289.75,496.0,404.75,340.2,288.0,526.5,1119.0,965.0,1234.2857142857142,297.0,971.0
645.0,511.25,1337.2857142857142,164.0,573.5,336.5,2285.1666666666665,369.75,210.16666666666666,351.75,1125.5,270.0,676.7142857142857,312.5,307.0,1110.0,595.0,1426.0,3132.0,432.0,280.0
713.0,329.0,1008.2,2753.0,656.8,579.0,250.0,456.0,759.2857142857143,400.5,597.0,275.14285714285717,566.2,1222.0,784.0,624.25,445.0,425.42857142857144,287.0,359.0,643.8
2377.2,276.6,2065.75,717.5,450.1666666666667,606.625,497.0,218.66666666666666,386.0,554.75,2694.0,363.3333333333333,465.6666666666667,2244.25,365.0,2106.0,543.0,524.0,708.0,278.57142857142856,688.0
1759.0,152.75,471.6666666666667,2677.4,568.8,456.5,750.2,226.5,1077.0,1456.0,270.75,487.0,631.0,549.0,108.33333333333333,1055.0,466.44444444444446,1347.3333333333333,462.75,170.0,372.6666666666667
539.5,427.5,431.6666666666667,374.6,978.5,410.0,2325.0,634.0,200.0,1850.25,151.6,2819.4,368.2,325.5,673.0,769.25,507.3333333333333,1494.3333333333333,1395.0,1058.8,1873.2
160.66666666666666,428.0,551.0,216.66666666666666,217.0,721.6666666666666,1608.6666666666667,2514.0,2165.3333333333335,232.8,495.5,1369.4,545.0,410.6666666666667,700.0,354.0,1361.0,634.0,2038.5,1277.25,1888.75
2271.0,183.33333333333334,543.0,628.0,2312.5,253.33333333333334,1917.6666666666667,570.5,586.25,258.5,556.1666666666666,426.6,2251.0,422.75,518.5,268.75,698.5,591.8333333333334,116.4,775.0,248.5
1549.0,564.8,243.25,740.0,493.75,973.8333333333334,571.5,322.0,438.0,2023.3333333333333,390.3333333333333,562.8333333333334,200.0,131.25,459.0,68.66666666666667,553.4285714285714,365.25,1823.6666666666667,2069.0,2269.0
435.8333333333333,425.0,466.25,2124.0,324.0,2184.6666666666665,438.0,133.0,1020.0,368.5,532.0,249.2,338.4,2749.75,2382.0,1803.0,2269.0,388.75,389.0,157.5,388.8333333333333
544.25,160.6,398.3333333333333,395.2,523.5,1694.0,603.0,2620.6666666666665,329.0,1674.6666666666667,519.0,916.6,483.0,2204.75,1558.8,232.4,2196.5,269.6666666666667,354.1111111111111,2783.0,488.6666666666667
1283.0,1334.5,1168.0,547.5,1024.2,525.5,356.5,1207.4,2044.75,452.3333333333333,1731.0,151.66666666666666,382.6666666666667,495.4,1281.75,2049.6666666666665,1622.1666666666667,719.75,1625.6666666666667,1525.6,1884.75
1791.5,1138.4,1572.0,1693.3333333333333,624.0,482.6666666666667,464.5,216.0,1829.111111111111,1370.4,720.5,248.5,1234.0,278.6666666666667,1151.6666666666667,1430.3333333333333,1596.8333333333333,303.5,355.5,2389.0,996.6666666666666
2201.0,1891.5,467.6,425.0,1538.75,355.3333333333333,484.0,412.3333333333333,227.0,1827.5,509.3333333333333,2580.5,202.5,549.0,619.0,344.75,305.0,2271.6,682.75,2317.5,600.6666666666666
142.5,252.0,1795.6,578.0,1558.25,1629.75,229.5,2066.5,1604.0,587.5,200.0,481.5,1538.25,234.0,1511.75,1834.8,358.3333333333333,230.25,2190.8,1852.6,1897.2
2076.0,211.33333333333334,346.0,1682.5,614.0,290.5,1184.0,2074.25,154.0,2096.6666666666665,2207.5,421.0,1571.125,1093.8,1572.0,1448.75,207.6,338.0,1495.6666666666667,194.5,1328.5
1057.0,359.25,1905.25,498.75,1564.5,382.6666666666667,2165.0,224.5,397.5,341.6666666666667,464.4,2133.75,1710.0,226.33333333333334,428.8,1651.4285714285713,125.0,394.6,2090.0,1839.6,1853.2
432.5,601.0,592.1666666666666,2347.75,627.25,404.3333333333333,288.5,607.3333333333334,407.0,340.7142857142857,117.0,689.0,2417.6,552.5,814.0,390.6666666666667,753.0,428.25,417.3333333333333,995.5,479.2857142857143
624.6666666666666,647.25,548.0,691.0,630.25,532.5,222.0,146.57142857142858,491.5,220.8,490.5,470.25,1795.8,407.0,534.3333333333334,218.2,3054.5,700.0,955.0,257.0,533.0
740.4285714285714,512.2,276.3333333333333,1008.3333333333334,440.5,2160.25,334.0,466.8333333333333,544.5,1724.25,548.5714285714286,3025.2,555.75,623.0,189.5,454.7142857142857,283.0,336.6666666666667,2670.0,527.6666666666666,336.0
419.8,445.5,191.0,2335.5,419.0,601.3333333333334,294.8,402.6666666666667,1412.0,491.5,499.3333333333333,1657.1666666666667,466.0,187.5,524.0,660.0,585.3333333333334,2903.909090909091,615.6666666666666,373.4,1016.0
1622.2,333.0,515.5714285714286,341.6666666666667,503.5,466.6,1231.25,591.6,619.0,661.0,2659.0,485.25,269.6666666666667,594.4,408.6666666666667,230.0,100.0,1790.0,1338.0,200.0,2247.5
2391.0,2011.6666666666667,386.5,730.6666666666666,214.75,748.0,318.0,771.7142857142857,592.4,502.25,373.0,2188.714285714286,210.0,591.0,545.125,283.3333333333333,2663.0,269.5,2610.75,630.0,519.0
475.0,619.4,395.0,1170.8,570.5,1578.3333333333333,2072.5,567.5,127.0,277.3333333333333,511.25,306.5,2819.0,1993.0,375.2,2068.0,519.6,2311.8571428571427,351.0,558.75,2143.8
437.5,532.8,2250.0,2420.0,345.3333333333333,499.6666666666667,137.5,1825.75,554.1666666666666,457.6,342.6666666666667,2757.0,335.0,1501.6,564.0,229.5,1981.8,1607.0,529.6,523.5,175.0
433.8333333333333,2150.0,2190.8333333333335,528.0,553.3333333333334,496.0,319.3333333333333,3114.5,225.57142857142858,543.0,292.0,196.66666666666666,1645.6666666666667,495.3333333333333,433.8,2064.0,527.5714285714286,2277.3333333333335,1123.6666666666667,360.0,244.0
723.5,1887.5,687.75,158.33333333333334,183.2,187.0,446.8,2830.3333333333335,398.3333333333333,1434.5,2040.5,318.5,1852.8,2123.285714285714,1197.6666666666667,1608.5,100.0,242.0,426.0,1314.0,1807.8
263.0,567.5,2258.0,364.25,1921.3333333333333,180.4,570.0,415.8,1746.8,250.0,2388.5,238.75,1751.6666666666667,1538.3333333333333,213.75,1660.25,2216.0,477.3333333333333,258.0,405.7142857142857,550.8
1659.75,1917.875,586.0,1416.6,499.0,1902.6,202.0,543.4285714285714,1183.857142857143,1159.0,1405.3333333333333,227.0,2152.0,360.6,266.0,1256.2,611.6,1047.75,2098.8333333333335,419.75,423.5
2217.0,1991.0,446.0,105.5,1781.4,513.8,596.0,1723.0,408.6666666666667,661.75,257.7142857142857,2902.0,646.0,453.6,1747.6666666666667,188.75,203.5,638.4285714285714,300.0,642.25,1816.3333333333333
1837.6,526.75,777.6,1339.3333333333333,100.0,314.5,1955.1666666666667,1835.0,1955.2,1652.6666666666667,352.6666666666667,609.0,1943.25,281.6666666666667,1345.0,1256.2,302.6666666666667,1922.4,170.0,200.5,330.25
451.6,1118.0,432.0,212.0,219.4,633.75,451.0,2461.6666666666665,1003.0,1785.6,1899.25,2020.8,524.25,2447.5,361.0,242.85714285714286,549.3333333333334,213.2,229.66666666666666,1625.8,1882.6666666666667
430.4,583.3333333333334,319.5,848.1428571428571,381.5,626.0,2216.3333333333335,1873.25,293.2,1141.0,1819.0,410.5,1980.0,2037.6,138.0,2393.0,1304.3333333333333,193.5,2072.3333333333335,303.6666666666667,1454.6666666666667
494.8333333333333,453.75,503.5,200.0,227.0,2214.0,1655.25,1850.3333333333333,420.1666666666667,593.75,358.6666666666667,1778.75,2330.0,1422.6666666666667,100.0,2118.0,250.0,536.5,919.0,536.6666666666666,508.75
532.4,2031.5,608.0,559.6666666666666,337.25,1675.0,2536.0,392.0,561.3333333333334,505.4,193.5,539.6666666666666,1763.5,2061.6,435.0,686.25,367.0,555.1428571428571,1357.5,490.6666666666667,2597.3333333333335
435.0,511.0,384.0,568.6666666666666,334.0,666.0,1980.75,814.0,1811.6666666666667,475.4,377.6666666666667,309.1666666666667,1798.0,2480.0,2071.25,238.83333333333334,602.4,575.0,464.8,1757.6666666666667,266.0
403.1666666666667,605.6,226.0,273.6666666666667,371.5,395.4,464.0,2237.3333333333335,2063.25,478.0,316.0,1863.5,212.5,467.3333333333333,2585.75,672.75,1956.857142857143,1445.75,461.5,259.5,464.0
906.0,1458.3333333333333,693.0,476.0,480.3333333333333,690.0,358.4,711.625,2078.8,1620.5,595.4,745.0,490.5,524.6666666666666,2606.0,448.75,150.0,484.6,90.0,387.8,617.0
653.0,1442.0,401.0,158.0,2209.5,2653.0,421.6,618.1666666666666,657.3333333333334,372.8888888888889,405.3333333333333,183.33333333333334,688.0,454.6,294.8,612.75,1861.25,50.0,887.1666666666666,789.6666666666666,1922.8
2241.0,2132.0,304.3333333333333,1920.6666666666667,439.8333333333333,283.0,2495.5,245.0,200.0,447.6,484.6,1472.142857142857,505.0,523.8,748.6666666666666,541.3333333333334,414.75,1423.0,483.375,782.0,476.6666666666667
91.25,1982.3333333333333,470.0,265.3333333333333,475.3333333333333,614.0,627.8,356.6666666666667,847.0,209.75,660.0,844.6666666666666,230.4,238.0,2014.75,2188.8,626.0,250.0,2321.6666666666665,1753.0,758.3333333333334
1891.0,490.4,250.0,387.1666666666667,2225.25,2057.8333333333335,1135.0,268.75,929.25,421.3333333333333,1639.0,1459.8,225.0,506.3333333333333,698.3333333333334,1311.5,2028.0,380.6666666666667,1850.5,231.25,2012.3333333333333
419.0,2312.3333333333335,386.0,598.4,346.25,2361.6666666666665,527.0,668.0,1160.5714285714287,182.0,508.6666666666667,1910.0,2515.0,476.8333333333333,166.66666666666666,2206.5,210.0,203.66666666666666,517.5,425.4,431.2
252.66666666666666,1855.0,2028.0,1317.0,2031.5,252.66666666666666,2206.5,261.0,620.0,349.875,380.3333333333333,1714.0,294.3333333333333,587.6666666666666,1598.6666666666667,277.5,425.6666666666667,370.5,580.0,2286.4285714285716,1876.25
417.75,602.4,555.0,2384.75,2559.6666666666665,213.75,2322.5,298.125,105.5,403.6666666666667,406.6666666666667,125.0,470.0,408.57142857142856,565.6666666666666,1983.8,1317.0,50.0,1734.0,410.25,212.5
2513.75,2368.4,2090.0,138.0,388.1666666666667,275.0,343.2,238.4,2213.5,391.5,287.6,733.25,1851.0,347.2,1938.142857142857,246.25,242.25,2306.5,1932.3333333333333,2273.0,307.3333333333333
1601.0,1782.0,2029.5,754.0,567.25,2162.0,421.75,238.5,1535.25,314.0,116.66666666666667,1920.6,1684.75,290.6666666666667,1709.4,157.14285714285714,1686.5,247.5,2901.8,302.0,1229.0
424.6666666666667,424.5,408.875,2245.3333333333335,605.25,323.0,2306.0,1982.3333333333333,305.6,550.0,256.0,547.1666666666666,2143.4,1707.0,2186.5,131.33333333333334,384.0,298.57142857142856,2154.0,551.6666666666666,1027.6666666666667
772.5,745.0,198.33333333333334,1643.0,459.0,642.0,1938.2,166.66666666666666,488.2,2086.2,184.0,692.0,270.0,371.0,681.6666666666666,1684.6666666666667,2205.4285714285716,1300.75,413.3333333333333,207.22222222222223,603.0
2515.0,276.4,2375.6,1839.6666666666667,549.25,353.0,447.2,227.71428571428572,340.0,220.0,586.75,572.5,287.6666666666667,518.0,1482.0,2752.0,438.0,323.0,2101.8571428571427,2022.0,243.75
926.0,862.6,376.6,1938.6666666666667,431.5,458.0,143.0,247.75,2183.0,2007.5,1297.5,425.6666666666667,2203.8571428571427,306.6666666666667,261.4,1476.25,2183.5,2075.3333333333335,280.0,501.2,1761.5
2179.6,410.75,2434.6666666666665,467.6,610.1428571428571,1415.25,377.5,138.66666666666666,1565.8,234.0,397.8,2089.75,2172.6666666666665,259.2,2244.3333333333335,1032.5,226.0,479.0,154.4,195.5,1804.0
530.0,188.5,1748.0,552.0,575.2,2363.25,501.0,1121.0,457.0,1651.0,578.7142857142857,372.5,1924.0,357.5,262.0,260.0,2527.25,370.5,2023.4,387.4,70.0
640.6666666666666,534.0,555.0,385.0,593.4,744.6666666666666,550.75,680.0,418.8,527.2,130.33333333333334,401.3333333333333,492.8333333333333,519.5,475.75,309.0,2129.5,2764.0,2144.0,662.3333333333334,225.0
1874.4,280.0,585.3333333333334,1890.0,299.0,425.6,581.0,321.6666666666667,2200.8,679.5,2530.75,150.0,206.0,243.33333333333334,546.1666666666666,493.5,100.0,327.3333333333333,544.75,510.6,499.2857142857143
1983.6,608.3333333333334,2420.0,381.0,511.6666666666667,350.5,259.0,232.0,211.875,439.75,261.2,422.0,606.0,527.75,491.0,1536.5,316.0,791.5,532.75,465.25,754.0
600.5714285714286,383.5,1726.6666666666667,2356.5,2192.3333333333335,347.0,297.3333333333333,150.0,150.0,1055.6,537.8,577.0,235.66666666666666,413.0,2758.75,272.5,629.75,1536.25,392.2,2367.6666666666665,1037.0
310.0,1863.0,1083.4,352.0,420.3333333333333,365.6666666666667,430.3333333333333,1911.75,2112.3333333333335,1807.3333333333333,517.1666666666666,2616.75,315.6666666666667,617.0,2281.75,1575.3333333333333,2186.0,2118.25,210.25,434.0,286.0
458.0,524.7142857142857,3233.0,2268.5,451.75,585.75,439.6666666666667,182.66666666666666,2385.5,339.0,300.0,1951.7142857142858,256.6666666666667,1848.0,330.0,699.6666666666666,169.2,314.0,373.6,1143.3333333333333,1777.4
1768.4,502.0,545.0,235.5,2167.0,185.75,245.25,519.3333333333334,489.2,699.5,530.0,483.0,411.0,713.0,418.25,2551.3333333333335,507.8,125.0,366.3333333333333,2236.2,504.4
2322.8571428571427,586.0,427.14285714285717,126.4,467.6,444.0,1719.6666666666667,1094.0,343.0,440.0,2300.4,491.0,386.6,525.25,757.3333333333334,528.3333333333334,612.0,1692.25,664.0,558.0,137.5
1947.5,519.0,349.0,845.0,2387.0,201.4,729.75,1531.25,251.5,1313.75,2271.8,355.3333333333333,969.0,278.0,391.0,1503.5,259.6,381.75,205.5,2187.75,466.85714285714283
2226.5,1140.375,302.0,2018.0,448.1666666666667,904.6666666666666,1863.7142857142858,884.8,1684.5,160.0,593.8333333333334,119.2,341.5,2082.25,265.5,353.0,1674.5,436.0,520.5,1577.0,448.8
1569.0,325.25,1545.0,2157.0,1843.4,322.25,2081.75,1034.0,320.3333333333333,400.0,1717.0,163.5,598.6666666666666,1957.1666666666667,1534.0,2000.0,441.75,312.2,1709.6666666666667,231.66666666666666,464.25
469.3333333333333,2148.5,344.4,456.6666666666667,1515.6666666666667,1924.5,445.5,1776.857142857143,238.2,191.75,277.0,2020.0,2327.2,392.75,519.3333333333334,2001.5,166.66666666666666,526.5,1791.4,527.6666666666666,475.0
510.25,495.3333333333333,1398.0,364.42857142857144,330.0,2360.0,1955.5,1658.6666666666667,373.6666666666667,584.0,2370.0,200.0,342.0,453.5,314.6666666666667,408.6666666666667,1540.8333333333333,248.0,1739.0,1443.25,1403.0
146.5,240.0,1697.4,534.5,1447.0,436.75,1734.375,508.6,612.0,1787.0,532.25,449.1666666666667,1799.0,722.5,358.5,225.0,1554.0,1826.75,112.5,1423.3333333333333,1719.5
2708.5,1926.2,224.0,443.0,677.5,2546.4,2412.5,250.0,266.6666666666667,486.14285714285717,454.0,150.0,302.2,546.3333333333334,738.5,459.57142857142856,345.0,1524.6,393.5,330.0,33.333333333333336
455.25,622.8,1363.75,401.2,1227.0,212.0,468.75,568.7142857142857,100.0,90.0,2252.25,730.5,203.0,333.3333333333333,1300.0,589.0,493.0,541.0,2378.6,792.0,458.0
1526.8,425.1666666666667,275.0,480.0,1918.857142857143,1490.0,2022.75,1671.3333333333333,194.0,463.0,281.5,1254.6,652.75,247.0,429.6,1432.0,511.3333333333333,2140.25,1282.0,171.25,706.0
166.66666666666666,205.0,781.0,833.0,779.0,795.0,245.0,262.5,223.0,340.0,774.0,796.0,1101.0,960.0,859.5,966.5,1005.5,1021.0,1125.0,949.0
985.0,175.0,562.0,899.0,755.0,824.0,723.0,895.5,794.0,177.5,1035.0,355.0,424.0,282.0,489.6666666666667,1056.3333333333333,928.3333333333334,329.0,451.0,322.0,250.0
252.0,382.0,290.0,212.0,195.0,423.0,321.3333333333333,544.5,778.0,499.6666666666667,575.0,508.0,275.6666666666667,378.3333333333333,406.3333333333333,598.5,298.0,341.0,313.0,402.5,802.5
339.5,356.0,137.0,254.0,930.0,245.5,423.5,398.0,293.5,583.0,552.0,282.0,495.5,396.0,250.0,693.8,388.5,409.0,397.75,354.0,471.5
150.0,216.0,721.0,289.0,325.0,282.3333333333333,150.0,369.5,971.5,459.4,265.25,401.0,307.0,296.0,735.0,205.0,831.3333333333334,380.0,396.0,317.0,599.0
349.5,510.5,262.0,1238.0,423.0,781.0,422.0,471.5,224.0,306.5,275.0,271.5,256.0,440.0,340.5,1009.5,372.3333333333333,354.0,225.0,250.0,317.6666666666667
929.0,339.5,395.5,205.0,497.0,350.0,214.0,166.66666666666666,472.0,364.8,250.0,205.0,240.0,342.6666666666667,1016.0,284.5,471.0,443.0,346.5,250.66666666666666,910.0
352.5,490.5,946.0,402.0,200.0,978.0,201.0,273.6666666666667,233.33333333333334,175.0,591.0,915.5,175.0,337.0,274.0,680.0,354.6666666666667,489.0,256.5,478.0,322.0
250.0,232.5,415.6666666666667,319.5,250.0,160.66666666666666,410.0,383.0,383.5,265.0,434.0,301.0,1076.0,424.0,225.0,418.5,415.5,150.0,325.0,266.0,185.5
344.6666666666667,250.0,569.0,153.0,348.0,265.3333333333333,261.0,404.6666666666667,1049.5,491.0,1033.3333333333333,166.66666666666666,301.5,140.0,316.0,349.5,179.66666666666666,200.0,819.5,799.3333333333334,436.0
263.0,341.0,210.0,402.0,424.0,200.0,226.33333333333334,290.5,274.0,1024.5,568.0,234.66666666666666,308.0,58.0,321.5,413.0,596.5,204.0,499.0,340.5,260.0
276.0,358.0,334.5,363.0,268.0,493.0,341.3333333333333,494.0,401.0,148.0,216.66666666666666,301.0,235.5,415.0,402.0,936.0,483.0,330.5,294.0,225.0,324.0
408.5,382.0,175.0,1451.0,424.6666666666667,387.0,346.6666666666667,258.5,418.0,838.0,447.5,268.6666666666667,211.33333333333334,276.0,375.5,298.3333333333333,517.5,398.0,352.0,136.66666666666666,311.0
325.5,317.5,387.5,652.0,291.0,110.0,306.3333333333333,400.0,949.0,246.66666666666666,406.5,437.5,305.5,72.0,266.0,203.0,225.0,350.5,1269.3333333333333,271.3333333333333,286.0
351.0,264.0,612.0,761.5,389.5,379.5,765.0,450.5,162.0,217.66666666666666,287.0,211.0,679.0,215.25,880.0,354.0,345.0,356.6666666666667,282.0,168.66666666666666,663.0
731.0,786.5,557.5,273.0,200.5,577.0,314.0,283.3333333333333,534.6666666666666,886.0,550.0,372.0,317.0,149.0,166.5,684.5,491.0,288.0,329.6666666666667,348.5,382.5
577.0,238.0,200.0,494.5,247.0,432.3333333333333,921.5,214.0,205.0,404.75,150.0,371.0,1108.0,446.0,300.0,219.5,208.0,462.3333333333333,369.25,275.0,200.0
1036.0,175.5,450.0,548.6666666666666,426.0,238.66666666666666,463.0,414.0,682.0,344.0,439.0,439.0,377.75,450.0,384.0,385.0,104.0,320.5,308.0,324.6666666666667,452.0
399.3333333333333,927.0,564.0,232.0,350.0,350.0,414.0,433.0,432.0,158.33333333333334,346.0,429.6666666666667,255.0,538.5,400.0,725.5,379.6666666666667,608.6666666666666,615.0,286.0,528.0
452.0,467.0,392.0,290.0,279.0,175.0,450.0,488.5,493.0,200.0,460.0,480.0,919.3333333333334,457.0,341.0,318.0,704.0,369.3333333333333,400.0,560.0,364.6666666666667
199.66666666666666,453.5,302.0,294.0,220.5,327.0,340.5,383.0,752.5,647.0,127.0,266.0,775.0,631.0,477.0,566.0,491.0,562.0,280.0,472.5,399.6666666666667
489.0,405.0,258.0,423.0,311.0,427.75,317.0,526.0,330.0,328.0,427.5,377.6666666666667,336.5,538.5,607.6666666666666,311.0,458.0,481.0,358.5,1107.0,388.0
303.5,471.5,452.6666666666667,216.0,250.0,528.0,239.33333333333334,347.3333333333333,315.5,513.8333333333334,435.0,449.0,453.0,689.75,430.0,427.5,337.0,419.0,220.0,300.0,703.5
262.0,329.0,1032.0,643.0,1091.0,294.5,283.0,473.0,236.0,127.5,332.6666666666667,480.0,246.0,390.5,688.0,337.0,266.6666666666667,250.0,289.6666666666667,465.0,150.0
606.6666666666666,435.0,200.5,809.0,265.0,891.5,983.0,201.0,204.0,252.5,920.3333333333334,398.0,535.5,284.0,803.0,1264.0,543.6666666666666,470.0,483.0,460.0,100.0
591.0,382.0,474.0,286.6666666666667,286.0,656.0,489.0,682.0,302.0,382.75,419.5,295.0,335.0,387.5,761.3333333333334,250.0,385.5,361.5,1145.0,502.0,1028.0
603.0,431.5,502.6666666666667,459.0,396.6666666666667,840.5,344.0,476.0,403.0,760.0,486.3333333333333,580.0,316.0,485.5,363.5,518.0,99.0,283.5,254.0,944.0,234.0
256.0,783.0,529.0,544.0,408.5,266.0,415.0,577.0,842.0,273.0,639.0,229.0,1372.5,390.0,248.0,284.6666666666667,344.3333333333333,938.6666666666666,108.0,341.5,296.0
742.0,516.0,528.0,352.5,356.3333333333333,206.0,443.0,992.0,386.6666666666667,685.6666666666666,945.0,392.0,854.6666666666666,335.0,1020.0,350.0,380.6666666666667,777.5,350.0,290.5,362.3333333333333
199.0,208.0,528.0,925.2,266.6666666666667,270.0,262.0,499.3333333333333,641.6,573.0,814.0,424.0,306.0,431.0,499.0,204.25,250.0,452.0,442.0,556.0,945.6666666666666
438.0,505.0,440.0,225.0,292.3333333333333,438.3333333333333,542.0,404.0,100.0,737.5,1013.5,942.6666666666666,312.0,506.0,206.0,425.0,150.0,1062.5,299.5,233.33333333333334,193.75
229.0,880.0,256.0,482.0,462.0,321.6666666666667,931.5,192.0,200.0,338.5,241.0,372.3333333333333,234.5,300.0,651.0,260.0,609.0,284.5,417.5,451.6666666666667,300.0
876.0,374.0,320.0,276.0,183.66666666666666,414.0,369.0,174.25,250.0,370.3333333333333,356.5,935.0,500.0,895.5,599.5,473.0,307.5,350.0,232.0,275.0,254.0
134.0,878.0,341.3333333333333,284.0,293.0,421.0,960.0,723.5,276.0,344.0,995.0,466.5,363.0,383.5,331.5,347.5,156.0,425.25,250.0,239.0,388.0
297.0,423.4,480.0,177.33333333333334,176.66666666666666,268.0,323.0,225.0,354.0,1197.0,332.5,479.5,842.0,327.6666666666667,88.66666666666667,1234.0,323.5,403.0,396.0,756.0,436.0
857.3333333333334,450.0,399.0,166.66666666666666,805.5,175.0,509.0,184.5,337.0,420.6666666666667,212.0,428.0,775.0,777.0,552.0,417.0,402.0,395.3333333333333,254.0,700.0,831.0
304.0,298.0,439.5,275.0,911.0,899.5,450.5,344.0,451.25,266.0,399.3333333333333,585.0,443.0,238.66666666666666,914.0,1169.6666666666667,205.0,569.5,1161.0,1013.5,374.6666666666667
243.33333333333334,952.0,280.0,971.0,200.0,770.5,363.0,225.0,627.0,388.0,502.5,849.0,237.0,409.0,424.0,903.75,927.0,307.6666666666667,300.0,578.0,443.0
298.0,930.3333333333334,320.0,376.0,311.5,105.0,492.5,497.0,295.0,383.0,711.0,263.0,714.0,1031.5,200.0,399.0,403.3333333333333,175.0,348.0,1129.0,167.33333333333334
660.5,410.0,496.0,354.5,772.5,686.0,237.0,242.0,233.33333333333334,150.0,971.5,68.0,918.0,300.5,414.5,328.5,950.25,670.0,576.0,250.0,325.0
862.0,1195.0,414.5,235.33333333333334,996.5,990.0,359.5,288.0,834.5,487.0,865.3333333333334,179.0,340.5,200.0,1091.5,375.5,828.0,261.0,265.0,100.0,270.75
794.0,935.5,355.0,1103.5,965.0,611.0,827.0,183.33333333333334,206.5,375.3333333333333,252.0,452.0,360.0,162.5,306.0,1289.5,793.0,264.0,664.0,274.0,1097.6666666666667
180.0,376.5,402.0,211.5,164.0,265.2,362.0,710.6666666666666,328.0,401.0,153.0,1084.0,494.0,947.5,1226.5,887.0,803.5,886.0,446.0,370.0,340.5
291.75,463.0,1113.0,231.5,839.5,394.8,112.0,326.0,1070.0,265.8,832.5,354.0,425.0,851.0,504.0,390.0,208.5,389.3333333333333,863.5,818.0,200.0
36.666666666666664,287.5,491.0,316.0,734.5,319.0,1039.0,303.6666666666667,225.0,484.0,384.0,194.5,1031.5,890.25,557.0,304.0,407.3333333333333,447.0,436.5,302.0,276.25
204.0,203.0,683.6666666666666,1228.0,385.5,205.5,418.3333333333333,228.0,824.6666666666666,372.0,792.0,478.0,489.75,111.0,417.0,343.6666666666667,246.66666666666666,546.0,812.0,380.0,427.0
999.0,225.0,563.0,509.5,248.0,150.0,251.0,300.0,423.5,319.75,698.0,548.0,180.33333333333334,273.6666666666667,530.5,160.5,862.0,606.0,230.0,316.0,898.3333333333334
542.0,690.3333333333334,513.0,448.0,884.75,234.0,506.0,902.0,757.6666666666666,541.0,216.66666666666666,497.0,304.0,150.0,732.0,442.0,229.0,460.25,699.5,100.0,203.5
261.5,1004.0,250.0,966.5,496.0,200.0,200.0,451.0,123.0,808.4,496.0,555.0,233.33333333333334,479.0,534.0,182.0,488.0,546.0,496.0,482.0,386.0
461.5,653.0,510.0,432.75,854.0,422.0,447.3333333333333,868.6666666666666,764.0,200.0,200.0,249.5,472.0,586.0,513.0,358.0,478.0,184.0,566.6666666666666,363.5,348.0
752.0,549.0,663.5,477.0,522.5,652.0,920.0,486.5,384.0,519.5,475.0,649.5,552.0,307.0,363.0,175.0,411.6666666666667,326.0,252.0,363.3333333333333,366.0
690.6666666666666,870.0,297.0,479.0,273.0,435.0,591.0,276.6666666666667,283.3333333333333,200.0,474.0,411.5,566.0,631.5,529.5,595.3333333333334,430.0,710.0,403.6666666666667,150.0,284.0
1167.0,451.75,759.0,217.33333333333334,398.0,350.0,475.0,768.5,333.6666666666667,201.5,805.0,332.3333333333333,564.0,200.0,150.0,620.0,395.0,226.0,487.0,383.0,380.0
300.0,364.0,391.0,280.5,257.5,439.5,125.0,410.3333333333333,323.0,302.0,335.0,220.0,403.5,347.0,675.6666666666666,516.0,451.0,783.0,323.2,454.0,440.0
1081.5,444.5,544.3333333333334,435.0,326.0,344.0,541.0,387.3333333333333,257.0,245.33333333333334,810.5,504.0,242.0,199.0,290.5,574.0,463.0,338.0,253.5,252.0,275.0
1023.5,250.0,228.33333333333334,370.5,130.5,521.0,266.0,705.0,550.0,356.5,429.0,382.1666666666667,304.0,511.0,459.0,479.0,412.3333333333333,526.0,503.0,1025.0,638.3333333333334
509.5,480.5,368.0,332.0,272.3333333333333,358.0,158.0,322.3333333333333,741.5,185.0,192.0,716.5,881.5,537.5,175.0,849.3333333333334,350.0,365.0,367.5,441.0,275.3333333333333
1115.0,769.0,456.6666666666667,732.5,277.6666666666667,803.0,603.0,418.6666666666667,751.0,421.0,254.0,249.0,302.3333333333333,207.0,350.5,353.0,280.0,723.5,558.6666666666666,376.0,421.0
330.25,183.33333333333334,304.0,250.0,278.25,290.0,203.0,350.0,745.25,312.5,330.0,312.0,283.0,297.0,352.5,885.0,297.0,832.0,442.3333333333333,902.0,447.6666666666667
330.0,454.0,521.25,844.0,216.0,450.0,284.0,147.0,150.0,124.0,874.5,288.3333333333333,899.0,345.0,318.6666666666667,615.0,482.0,481.5,744.0,593.0,347.5
225.5,768.0,593.5,216.0,100.0,255.33333333333334,600.0,918.0,1208.0,413.6666666666667,371.0,519.3333333333334,581.0,839.5,261.0,252.0,444.0,484.4,441.5,347.6666666666667,484.3333333333333
402.0,292.0,354.3333333333333,541.0,507.0,731.0,1055.0,295.0,412.0,241.0,406.0,341.5,202.0,755.0,336.0,547.0,404.0,349.0,283.3333333333333,710.0,281.0
397.3333333333333,518.0,250.0,141.0,532.0,664.5,358.0,315.0,535.0,326.5,399.0,378.0,268.0,366.0,250.0,149.5,283.0,511.6666666666667,247.5,286.0,537.3333333333334
779.0,605.0,429.5,531.0,265.0,393.0,575.0,380.5,376.3333333333333,349.75,627.0,200.0,280.0,220.66666666666666,116.0,611.5,430.3333333333333,462.6666666666667,609.0,587.0,322.0
348.0,383.0,466.0,338.5,422.3333333333333,320.0,200.0,276.6666666666667,438.0,370.0,404.5,202.5,484.5,357.0,505.3333333333333,350.0,406.0,402.0,234.33333333333334,772.5,508.0
230.5,338.0,1209.0,1173.0,408.0,299.0,307.0,208.0,483.0,457.0,801.0,332.0,487.0,337.0,341.0,447.0,151.5,534.0,460.0,325.0,233.33333333333334
869.0,400.0,451.0,409.3333333333333,282.6666666666667,901.3333333333334,519.0,414.0,487.5,467.5,724.5,426.5,352.0,1141.0,314.0,151.5,264.5,545.0,187.0,314.6666666666667,466.5
332.0,251.0,365.0,412.0,368.0,310.5,474.0,168.0,380.0,350.0,351.0,368.0,647.5,516.0,209.0,264.0,270.5,936.75,708.0,635.0,254.0
357.0,160.0,977.0,422.25,288.0,643.25,356.0,520.6666666666666,350.3333333333333,284.0,444.0,499.0,265.0,373.0,615.0,405.0,506.0,235.66666666666666,269.3333333333333,350.0,403.0
274.0,522.0,540.0,404.0,477.0,175.5,175.0,443.0,185.0,890.3333333333334,429.5,394.0,175.0,533.4,341.25,776.5,400.0,1158.0,395.0,567.0,100.0
499.0,677.0,294.0,339.5,424.0,580.0,420.0,630.5,796.0,411.5,451.0,493.0,266.0,716.0,490.0,464.0,709.5,556.5,383.0,414.0,726.0
488.0,729.5,332.0,338.6666666666667,541.6666666666666,477.0,402.0,598.0,293.0,434.0,384.0,346.0,345.0,449.5,476.75,1087.6666666666667,256.0,175.0,216.66666666666666,1079.0,250.0
500.0,497.6666666666667,490.0,376.6666666666667,957.0,260.0,354.0,315.5,191.0,358.5,460.0,190.0,403.5,404.0,225.5,322.3333333333333,510.0,50.0,416.5,350.0,390.6666666666667
464.0,453.6666666666667,218.0,404.0,516.0,113.0,150.0,358.0,430.0,338.5,285.0,880.5,570.0,364.0,441.0,418.5,484.0,312.6666666666667,686.0,441.0,132.0
1070.6666666666667,101.0,344.0,344.3333333333333,345.0,446.0,305.5,326.0,456.0,432.0,436.6666666666667,405.5,237.0,404.0,165.0,604.0,592.0,546.5,150.0,259.3333333333333,467.6666666666667
501.5,447.5,201.0,490.5,474.0,255.66666666666666,182.0,318.0,738.0,621.3333333333334,339.6,403.3333333333333,594.0,412.0,1069.0,488.0,242.0,475.6666666666667,485.0,420.0,236.0
807.0,558.0,446.0,302.0,422.5,337.0,426.5,227.0,474.5,506.0,215.0,430.3333333333333,356.0,550.0,214.0,489.0,470.8333333333333,443.0,464.0,392.5,340.0
541.5,418.6666666666667,995.0,446.0,400.0,350.0,312.0,447.8333333333333,530.0,140.0,471.5,466.0,424.0,410.3333333333333,503.5,486.25,385.5,250.0,434.0,502.0,494.5
200.5,500.5,270.0,492.0,328.0,249.0,332.0,379.3333333333333,457.3333333333333,604.5,910.0,396.0,552.0,428.0,285.0,358.0,461.4,205.5,372.6666666666667,626.5,429.0
319.5,405.0,450.0,300.0,319.0,839.0,302.5,322.0,826.6666666666666,308.5,422.0,262.0,321.3333333333333,459.0,200.0,363.5,411.0,100.0,393.0,200.0,924.6666666666666
343.5,913.5,378.5,472.5,497.0,455.5,325.5,363.5,433.6666666666667,492.0,302.3333333333333,966.0,125.0,324.0,379.0,647.0,1115.0,543.0,248.0,200.0,422.0
798.5,232.0,225.0,419.6666666666667,284.0,710.0,362.0,1182.0,396.0,406.0,484.0,718.0,264.0,301.5,874.5,325.5,446.6666666666667,330.0,254.0,683.0,495.3333333333333
383.0,497.0,279.0,232.5,468.0,447.0,816.0,479.5,438.3333333333333,337.0,333.0,325.0,429.0,300.0,504.0,311.5,847.0,699.0,471.0,445.6666666666667,456.0
430.0,479.0,452.0,587.0,390.3333333333333,912.0,311.5,421.6666666666667,202.0,630.0,266.0,458.5,290.0,253.0,464.25,640.0,164.5,608.0,369.3333333333333,446.0,465.3333333333333
462.0,240.0,319.0,108.0,403.0,877.3333333333334,486.0,374.5,203.0,400.0,487.0,535.0,353.5,459.0,302.0,422.6666666666667,246.0,239.5,178.0,191.33333333333334,762.0
291.6666666666667,166.5,468.5,342.0,440.0,318.3333333333333,319.5,521.0,458.0,433.0,319.0,468.5,214.0,665.5,1182.0,451.5,408.0,233.0,392.0,432.0,216.66666666666666
414.5,634.0,346.5,350.0,413.5,302.0,404.0,303.0,474.5,436.0,405.5,365.0,243.0,742.3333333333334,374.0,374.75,546.0,243.0,714.0,284.0,803.0
179.0,442.0,271.0,212.5,245.0,222.66666666666666,310.3333333333333,249.0,662.5,278.0,555.3333333333334,173.0,326.5,701.0,635.0,252.0,354.0,130.0,330.0,1067.0,966.6666666666666
335.5,422.0,341.0,394.5,744.6666666666666,183.0,283.75,409.0,563.0,287.5,698.0,391.0,770.0,257.3333333333333,267.0,418.2,874.0,731.0,1056.0,356.0,416.0
357.5,181.0,980.0,395.0,210.0,305.0,710.6666666666666,413.5,350.0,378.25,469.0,350.0,415.0,267.0,375.0,474.0,251.0,534.0,370.5,370.0,780.0
615.0,331.6666666666667,445.0,467.0,394.5,375.5,405.0,322.5,402.2,338.5,525.0,485.0,300.0,219.0,501.0,439.0,184.0,300.0,1249.0,377.0,231.5
459.0,176.5,273.0,1162.5,471.0,420.5,430.0,269.5,250.0,418.0,354.0,386.5,408.0,434.5,203.5,319.5,425.0,351.0,315.0,458.3333333333333,314.0
334.0,491.6666666666667,1057.0,773.0,364.0,540.0,274.0,451.75,410.0,555.0,214.0,280.0,402.0,918.0,87.0,444.0,352.0,392.0,368.0,406.3333333333333,445.3333333333333
254.0,1030.5,437.0,482.0,308.5,296.25,242.0,280.0,252.5,413.5,404.0,396.0,367.5,467.0,706.6666666666666,150.0,432.0,339.5,618.8,743.0,490.0
920.0,565.0,1056.0,236.0,409.0,624.6666666666666,505.0,630.0,669.6666666666666,485.25,382.0,479.0,232.0,310.0,358.0,311.3333333333333,298.0,409.6,156.0,277.75,250.0
407.0,442.3333333333333,496.0,314.0,740.0,671.0,340.5,752.0,368.75,614.0,858.0,401.0,402.0,357.3333333333333,300.6666666666667,389.0,480.0,362.0,423.0,306.0,369.0
318.0,917.5,603.0,389.75,436.5,248.0,530.0,150.0,236.66666666666666,392.0,496.0,278.6666666666667,928.5,699.2,614.0,306.0,687.0,482.0,378.0,304.6666666666667,372.5
406.5,466.0,672.0,458.0,381.5,449.0,191.0,906.0,324.75,431.0,885.0,438.0,403.5,317.0,300.0,491.0,298.25,324.0,446.0,268.0,745.0
531.0,185.5,370.0,548.0,579.5,496.0,870.0,200.0,397.6666666666667,454.0,511.5,231.0,373.0,576.0,200.0,549.5,333.3333333333333,391.0,413.0,359.5,357.0
515.5,296.2,473.0,385.0,684.0,1251.0,150.0,431.5,282.0,246.5,921.0,240.0,590.0,562.0,367.0,100.0,415.0,411.6666666666667,303.5,930.75,335.0
754.5,445.0,314.5,200.0,258.0,366.0,712.0,332.5,318.0,534.3333333333334,230.5,440.0,428.0,340.5,454.0,371.0,507.3333333333333,448.5,244.5,330.0,807.5
183.0,413.75,802.0,357.0,476.0,410.5,249.0,317.0,225.0,590.0,426.5,404.0,451.0,513.0,291.5,780.0,374.5,469.0,220.5,310.0,218.0
317.6666666666667,224.0,183.33333333333334,728.0,1065.0,479.0,388.0,468.0,342.0,241.0,315.0,846.5,512.0,484.0,355.5,284.0,270.0,280.0,430.5,739.0,185.0
499.0,225.0,480.0,393.0,770.0,424.0,421.6666666666667,290.0,788.0,463.0,218.0,321.0,413.0,496.0,479.3333333333333,406.0,354.3333333333333,441.3333333333333,955.0,396.5,170.5
1244.0,202.0,1295.0,51.0,469.5,150.0,634.0,387.0,763.5,378.25,364.0,400.0,476.0,275.0,354.0,408.0,854.6666666666666,175.0,365.0,325.0,474.2
830.5,218.0,1058.0,413.3333333333333,850.5,302.0,401.0,224.5,330.0,316.0,563.0,763.5,269.0,404.5,527.0,340.0,482.0,414.6666666666667,342.75,230.0,184.0
205.0,352.3333333333333,929.5,376.5,100.0,218.5,920.0,359.0,405.0,291.0,375.6666666666667,450.0,243.0,617.0,512.0,220.33333333333334,338.5,409.0,492.0,392.0,737.0
539.0,350.0,147.0,1134.0,349.0,282.6666666666667,312.5,721.0,513.0,445.0,419.0,686.0,467.6666666666667,277.6666666666667,410.0,365.0,371.0,358.0,461.5,303.0,786.0
224.0,354.5,529.0,561.5,191.0,343.6666666666667,684.5,571.4,273.0,374.0,152.5,596.0,508.0,366.0,328.0,358.0,862.0,409.0,402.0,1019.0,446.3333333333333
882.0,171.0,250.0,747.0,349.8,705.0,403.5,276.0,474.0,250.0,428.5,341.0,465.0,300.0,629.5,422.5,231.0,348.6666666666667,548.0,252.0,262.0
308.0,340.0,182.5,876.0,265.0,436.5,304.6666666666667,270.75,553.0,258.0,471.25,558.0,286.0,983.0,495.0,945.0,249.0,282.0,266.0,441.0,438.0
538.0,487.0,127.0,403.0,573.5,701.0,390.3333333333333,984.0,643.5,377.0,429.6,251.0,714.6666666666666,285.0,880.5,601.0,118.0,302.0,483.75,410.0,413.0
